{
  "accuracy": 0.98,
  "precision": 1.0,
  "recall": 0.975609756097561,
  "f1": 0.9876543209876543,
  "auc": 1.0
}